"source","steward","name","trail_system","trail_color","trail_type","length","segment_ids","trail_id","description","part_of"
"FPDCC","FPDCC","Des Plaines Trail System","Des Plaines Trail System","","",28.430,"{7,1926,723,770,511,2718,1040,1530,1030,233,852,237,1035,1096,231,1034,1044,1045,67,1046,729,1050,510,730,1041,926,1055,733,2490,1021,1007,68,1008,1006,923,512,752,2485,2491,769,989,601,97,2492,1057,96,95,1093,1039,1038,77,76,700,992,670,1094,990,1130,1131,1267,1268,1269,1475,1476,1478,1527,1528,1037,2719,1599,1600,1602,135,721,1635,1636,671,262,701,1637,1671,75,759,1672,471,1673,988,2486,73,1925,728,722,2483,719,2484,72,720,74,2487,2644,470,2642,102,105,106,927,920,2643,234,1023,469,1529,1092,1022,772,2488,107,108,925,1032,1029,1601,1531,994,924,921,1026,247,261,1477,468,991,1027,1132,1031,727,1036,103,929,117,122,2696,2489,758,123,124,133,699,232,1043,922,1042,771,1924,134}","Des Plaines Trail System","Follows the Des Plaines River for 22 miles in Cook County and another 31 miles north through Lake County.","{}"
"FPDCC","FPDCC","Tinley Creek Trail System","Tinley Creek Trail System","","",23.814,"{208,89,653,2521,90,139,626,871,2361,140,93,2362,2364,2367,2363,2371,2373,2374,2368,2378,2377,2699,306,2698,2356,2697,704,305,630,942,2353,136,2528,868,869,2390,2391,2392,2393,2394,2395,2396,2397,2398,2399,2405,2406,2407,2408,168,655,2666,282,2429,2213,2214,2455,2468,629,705,941,625,703,304,2370,138,2436,2437,2440,2441,2442,1129,2438,635,636,656,2451,870,137,616,657,2211,2467,2452,2215,2216,2217,2219,2220,2221,283,2457,2218,2661,2430,617,151,2663,623,618,91,92,284,169,285,624,1128,654,2360,622,2253,2254,2255,2256,2260,2261,2262,2358,2359,2354,633,632,167,303,631,619,2520,2667,209}","Tinley Creek Trail System","Four paved loops take visitors over gently rolling hills, through prairies and forests, and alongside wetlands
and ravines. ","{}"
"FPDCC","FPDCC","Horizon Farm Trails","Horizon Farm Trails","","",1.221,"{997,996,121}","Horizon Farm Trails","","{}"
"FPDCC","FPDCC","Salt Creek Trail System","Salt Creek Trail System","","",18.641,"{883,737,882,1099,877,1151,2283,881,650,880,879,878,1289,2615,876,875,874,1291,873,872,2469,1521,1098,1290,2614,1520,2204,2477,2209,2248,1300,1762,1760,2247,2245,2246,1896,2238,886,1271,192,1292,1519,2203,1761,2244,1757,2239,185,1148,2292,2293,2199,2197,2201,1303,1299,2229,1517,1150,2227,2225,2228,2226,2223,1874,1756,2224,2208,1759,2481,193,1522,1758,1298,1526,2230,1523,1,1525,1518,884,1897,846,1296,845,2480,6,1872,1873,2471,1297,2476,1270,887,2284,1871,1898,2473,1295,2205,885,1294,1302,2482,1301}","Salt Creek Trail System","Features a long paved trail from Brookfield Woods (outside Brookfield Zoo) to Bemis Woods.","{}"
"FPDCC","FPDCC","Major Taylor Trail","Major Taylor Trail","","",7.819,"{191,184,183,182,164,163,162,152,1980,1979,1978,214,189,188,187,186,112,111,87,48,287,1652,504,1651,1650,847,1802,288,1801,203,848,1805,289,36,2029,88,113,590,589,588,1450,241,1010,1011,1009,240,215}","Major Taylor Trail","Connects to the paved loop trail at Dan Ryan Woods and continues for about 7 miles southeast, eventually connecting to the Cal-Sag Trail.","{}"
"FPDCC","FPDCC","Busse Forest Trails","Busse Forest Trails","","",12.607,"{56,2048,2730,820,1566,814,1564,785,810,816,2049,2050,2040,2051,2052,822,821,817,2053,2054,2055,2056,8,796,2057,2058,1567,2059,1562,2622,2060,2044,2623,2061,2062,28,85,2065,2067,55,2063,809,2068,2069,2070,2071,2072,819,69,2043,2042,2046,27,2045,2041,815,1563,823,2047,1565,70,2064,2066,26,1304,1305,35}","Busse Forest Trails","Large paved loop circling Busse Reservoir with shorter trail segments fanning out from the loop.","{}"
"FPDCC","FPDCC","Plum Creek Trail","Plum Creek Trail","","",1.798,"{419,2074,2073}","Plum Creek Trail","","{}"
"FPDCC","FPDCC","Burnham Prairie Trail","Burnham Prairie Trail","","",0.120,"{398}","Burnham Prairie Trail","","{}"
"FPDCC","FPDCC","Palos Trail System","Palos Trail System","","",40.077,"{1344,1446,2714,2716,1449,433,1174,1179,1181,1764,362,1108,1570,1571,2715,2721,2723,2563,2564,2609,2717,2726,2727,765,766,1442,604,1401,1941,1948,1949,763,1535,1795,1545,1797,1260,1944,1641,1177,1443,1258,1183,2315,2326,58,436,290,1568,515,1533,1642,1089,57,434,1193,1259,1643,326,328,435,832,1105,1106,1109,1110,1175,1448,1402,80,1104,1723,1725,1833,1726,1721,1836,2653,2654,2655,1547,1722,1796,1938,1940,1939,1943,38,1945,2656,602,1835,1261,1950,1638,363,506,1441,1180,1103,1178,1548,2657,2658,1544,1546,1946,1947,1532,1640,79,221,1090,1639,1534,1182,1012,1192,1107,1173,2659,2321,2323,2312,2319,514,2320,2322,2317,2324,2335,2325,1834,2327,2328,2334,2329,2330,2337,2338,2339,2340,1400,2709,2710,2625,2626,2705,2706,2627,2628,2722,2725,1343,2707,2708,1013,1184,1257,2713}","Palos Trail System","An extensive and vaired trail system winding through the 15,000 acre Palos Preserves.","{}"
"FPDCC","FPDCC","Thorn Creek Trail System","Thorn Creek Trail System","","",27.850,"{1550,2195,2192,2198,2194,2202,2196,2200,1988,1753,1986,673,1539,1538,987,508,2546,1770,1317,647,985,1551,1318,219,2688,1319,741,740,319,220,1348,788,230,131,1982,1981,42,1767,767,201,196,1993,181,180,165,66,1991,2231,179,2149,674,1346,2163,2207,739,2222,2685,1320,2233,2250,2232,2240,2234,2235,2236,2237,2241,2243,1147,2251,2242,1014,736,2249,2252,2686,1755,489,1435,2687,1556,1555,787,646,43,2557,177,1989,782,25,1549,218,217,1992,1349,1766,1654,176,986,178,784,1984,1768,1629,984,790,791,507,175,1794,1983,1653,1769,129,1990,675,24,1799,5,1334,509,2306,1655,423,2034,1536,1800,1985,130,1798,1995,1347,1306,1994,1987,2558,200,1537,1524,742,1996,1335,1765,1146,738,1574,1145,1573,2545,229,2162,2193,2183,2185,2190,2176,2177,2188,2189,2191}","Thorn Creek Trail System","Connects multiple forest preserves, winding past lakes and wetlands, and through woodlands abundant with birds and other wildlife. ","{}"
"FPDCC","FPDCC","Calumet Trail System","Calumet Trail System","","",4.114,"{45,1553,2314,2313,46,116,115,59,44,10,47,60,2030,1554,1552,2311,1072}","Calumet Trail System","","{}"
"FPDCC","FPDCC","Kickapoo Woods Trail","Kickapoo Woods Trail","","",1.017,"{315,316,317}","Kickapoo Woods Trail","","{}"
"FPDCC","FPDCC","Orland Grassland Trail System","Orland Grassland Trail System","","",12.962,"{866,757,327,1661,747,744,16,1656,1542,1061,862,906,1660,861,860,750,1659,756,863,907,745,864,904,1194,1195,1540,1543,1657,905,1062,895,908,909,1541,867,1658,312,598,743,746,748,1662,749,896,1158,893,894,897,898,899,900,901,1159,1160,751,902,903,754,755,1161}","Orland Grassland Trail System","Perimeter loop trail provides a buffer from Orland Grassland's valuable natural areas, while showcasing the significant restoration work that has taken place there.","{}"
"FPDCC","FPDCC","Deer Grove Trails","Deer Grove Trails","","",15.989,"{2128,693,2501,682,692,684,685,687,680,2500,407,2127,413,659,2125,683,2122,665,2120,2499,2126,2121,686,2119,2118,260,2123,259,63,258,257,660,403,402,408,405,694,409,404,406,412,689,691,661,662,663,414,664,688,410,401,681,400,388,690,2124,411,2129}","Deer Grove Trails","Vast, looping trail system makes it easy to access the preserve's diverse habitats and creates ample space for extended runs or hikes. ","{}"
"FPDCC","FPDCC","Burnham Greenway Trail","Burnham Greenway Trail","","",7.348,"{1751,2280,2281,2282,143,2285,2286,2291,2294,148,1076,1133,213,146,212,1436,120,142,1135,86,202,149,147,1075,110,1134,118,109,1752,1074,1628,1630,658,1073,119,13,141}","Burnham Greenway Trail","Former railroad right-of-way linking Chicago to Lansing.","{}"
"FPDCC","FPDCC","Cal-Sag Trail","Cal-Sag Trail","","",27.320,"{1504,1368,2459,2561,614,582,1367,1331,190,1052,256,652,476,613,2562,2460,2461,2420,583,1332,1053,2032,2449,2444,2443,2458,2456,2454,2453,2450,2448,2446,2447,2434,2433,2431,2432,2422,2425,2424,2426,2423,2421,798,2419,2417,2413,2415,2387,2386,799,2385,2388,2384,2376,2379,2375,2372,2382,2365,2366,2357,2369,1495,2355,2389,2310,615,2309,2308,2035,128,1502,584,586,2380,2462,1503,2383,813,2445,2028,2038,255,585,2381,2037,2039,145,812,1505,610,609,1506,651,608,605,1051,37,587,1330,1333,1507,2412,472,2303,2036,2410,2411,797,2414,2416,2418}","Cal-Sag Trail","Links the Centennial and I&M Canal trails in the west to Freedom Park in Alsip in the east. By 2017, will extend east to the Burnham Greenway and Chicago Lakefront trails. ","{}"
"FPDCC","FPDCC","North Branch Trail System","North Branch Trail System","","",36.669,"{1863,1864,1682,1683,198,1782,1775,1771,1787,1786,1784,1776,1774,1772,1870,1685,1627,197,1773,1308,2693,2692,2691,2525,2587,2589,2523,2522,2518,2574,2519,2516,2581,2175,2582,1785,2171,1509,2524,2505,2580,2578,2579,2566,2510,496,2502,2187,2567,2503,2506,2504,2509,1309,1311,2507,2157,2148,2140,78,2024,2025,2026,2139,2141,2138,2146,717,640,1310,2515,2512,2513,718,1790,706,2508,2702,2701,2143,1156,2689,1508,2690,1266,1558,1793,1792,1900,1264,2511,2181,2178,2174,2583,2172,2173,2160,2167,1779,2165,2166,2164,2170,2159,2161,513,2156,2158,2155,2023,2150,2151,2147,2145,2144,227,2169,1262,2168,2137,2142,2153,2152,2154,1913,2180,2179,2184,2182,2186,2517,2584,2585,2586,2588,641,166,505,1669,1668,712,1510,320,497,199,1791,2514,2590,1307,321,1670,1865,1866,1867,1868,1789,1869,2027,309,318,1684,155,645,154,1634,1632,1263,1265,71,1157,382,1511,498,2700,1512,1899,1783,1780,1778,1777,1781,1561,1559,1557,1631,1626,1625,642,643,644,707,708,709,710,713,714,715,711,649,716,153,850,1788,1560}","North Branch Trail System","Winds along the North Branch of the Chicago River and Skokie Lagoons, providing access to various preserves, golf courses and the Chicago Botanic Garden.","{}"
"FPDCC","FPDCC","Centennial Trail","Centennial Trail","","",9.326,"{1497,21,1516,1515,1496,494,493,14,2301,15,1339,492,495,22,491,1341,1340}","Centennial Trail","Located within the I&M Canal National Heritage Corridor, the first national park of its kind. Provides a connection to the Cal-Sag Trail.","{}"
"FPDCC","FPDCC","Volmer Road Grove Loop","Volmer Road Grove Loop","","",3.898,"{695,696,529,526,527,2212,698,528,697}","Volmer Road Grove Loop","","{}"
"FPDCC","FPDCC","John Husar I&M Canal Trail","John Husar I&M Canal Trail","","",8.994,"{611,226,478,2300,2297,2296,1337,1338,2298,1644,1342,2295,473,477,475,1646,1645,2299,612,2302,474}","John Husar I&M Canal Trail","Located within the I&M Canal National Heritage Corridor, the first national park of its kind. Provides a connection to the Cal-Sag Trail.","{}"
"FPDCC","FPDCC","Paul Douglas Trail","Paul Douglas Trail","","",8.517,"{2114,2493,2109,464,2112,170,2115,101,466,2117,2496,2113,253,2498,2495,2497,2105,2494,463,2104,2107,2116,2111,2108,465,462}","Paul Douglas Trail","Paved loop trail with a connection to the Crabtree Trail and Crabtree Nature Center.","{}"
"FPDCC","FPDCC","Spring Lake Trails","Spring Lake Trails","","",45.751,"{252,553,248,458,251,377,1396,64,31,383,33,1664,1598,955,355,1125,394,1118,1067,1377,1165,2014,1064,627,442,1882,1881,1880,367,836,835,829,827,826,792,480,281,314,296,273,395,560,294,293,19,18,484,483,482,223,292,291,429,1718,1717,2132,2134,1137,1647,1403,211,1120,1119,1191,1117,1713,1116,535,354,1594,1837,1113,1111,844,1649,1171,1931,1124,1083,1081,1997,1188,1212,1020,1019,1578,1579,1706,1707,1708,1710,461,965,961,1831,1806,956,954,1821,1823,1824,1825,1826,1827,1829,1830,1927,1932,1933,1935,953,951,949,947,1969,1970,1976,2006,946,945,944,1187,246,369,1998,2002,2003,2005,2004,125,368,595,2020,1807,952,1499,1350,1351,1370,1371,1423,2021,2022,856,857,1577,1607,842,1709,1729,1730,1732,838,837,834,416,238,865,242,243,244,825,824,308,794,399,559,793,415,418,422,1731,425,451,726,628,637,753,890,725,676,677,678,1500,724,948,963,839,800,774,775,776,833,366,1356,669,667,968,969,568,998,1065,1066,1087,666,1241,1242,1278,1279,1288,1354,1355,1357,1358,1360,1454,859,1455,858,1437,365,569,567,171,566,565,564,563,195,562,555,552,551,1589,1590,1591,1592,1623,550,549,548,547,545,1841,1844,1846,1852,1853,1854,1861,1862,544,1326,1878,540,539,538,523,500,501,2015,1743,1001,1002,488,487,2016,486,485,543,542,541,450,449,456,447,445,1405,430,428,427,286,481,479,393,459,374,389,387,554,386,385,384,490,379,378,376,975,978,982,983,375,372,360,359,357,353,1203,1206,1232,1235,1237,352,1373,350,347,1284,1285,1286,346,1293,1727,1398,1374,1376,1425,1576,1615,1619,345,344,1737,1742,1750,1648,591,593,594,343,310,1416,342,341,639,522,1378,452,358,336,333,332,1379,331,1409,330,1321,1322,467,323,322,313,2017,1747,311,307,295,265,2007,2133,943,1714,1123,371,1084,2130,2131,2136,2135,1167,1163,457,1375,572,1593,1440,455,1438,1252,781,438,245,2019,2018,1498,803,546,1879,1875,1603,1934,228,1820,1936,1818,1817,1604,1816,1814,1813,1610,1611,1612,1614,1424,454,1364,1280,973,980,981,1254,1363,1811,1809,1808,1812,216,1575,1694,1688,1077,1588,1587,1586,1583,1582,1361,1359,1471,1470,1484,1433,1431,1426,453,1352,1584,1395,1394,1392,1170,1162,1141,1140,1186,1080,1071,1070,1069,1068,960,959,958,964,397,364,1085,356,892,1666,1362,392,2629,2630,1353,439,426,1596,1819,1501,600,537,570,571,573,574,561,340,20,30,437,266,390,391,302,301,1017,1063,172,1667,1681,1832,298,272,270,269,268,1974,267,271,1210,1209,1211,1239,250,1585,1227,1228,1229,1230,1231,1451,1236,1240,1246,1247,1248,1208,1249,1250,1251,1408,1253,1277,773,1245,1244,1243,1387,1190,1316,1323,1324,1419,1420,1189,1365,1185,1366,1391,1380,1381,1382,1383,1384,1385,1386,1422,1404,1406,1421,1580,1581,210,1238,1711,1735,1149,194,1407,1595,1597}","Spring Lake Trails","","{}"
"FPDCC","FPDCC","Miller Meadow Trail","Miller Meadow Trail","","",2.012,"{940,939,938,937,936,1328,1492,9,1491,1329,1488,1489,1327,932,931,933,935,930,1490,934}","Miller Meadow Trail","","{}"
"FPDCC","FPDCC","Poplar Creek Trail System","Poplar Creek Trail System","","",20.883,"{2013,1225,1889,1893,1895,1218,1699,1219,1703,1886,1887,2619,1457,1216,1695,1698,1214,1705,2082,2080,2008,1213,1460,1459,1465,1892,1224,1217,1894,2009,2620,1456,1466,2621,1888,1680,1702,1700,1890,1704,264,1458,1884,1891,1462,1463,2011,1223,1215,1701,29,2077,1885,2097,274,2618,1221,1696,1464,263,1461,2098,2102,2101,2010,2083,2096,2092,2093,2089,2079,2103,2100,1883,2012,1222,2076,2075,2084,2078,2087,2088,1697,2090,2095}","Poplar Creek Trail System","Large paved loop circling the eastern portion of the Poplar Creek Preserves intersects with looped unpaved trails in the western portion.","{}"
"FPDCC","FPDCC","Perkins Woods Trails","Perkins Woods Trails","","",0.375,"{160,224,161,159,157,158,225}","Perkins Woods Trails","","{}"
"FPDCC","FPDCC","Dan Ryan Trails","Dan Ryan Trails","","",0.971,"{1803,2336,1804,2333,2332,2331}","Dan Ryan Trails","","{}"
"FPDCC","FPDCC","Sag Valley Trail System","Sag Valley Trail System","","",20.322,"{1922,1143,916,1921,2466,915,2465,2613,1916,2560,2472,2463,2464,914,2479,2347,1910,2341,1256,2350,2348,1920,2478,917,2704,2344,2474,2475,1904,1911,1903,1907,1172,2427,2470,1906,2346,919,1155,2559,2608,1923,1917,2649,2351,596,1144,1909,1915,2342,1905,2428,1902,2612,2343,1908,913,1152,1153,1919,1100,2650,912,1101,918,2345,1201,2607,1202,911,1901,597,2352,2349,2703,1914,910,1102,1918,249,1142,1255,1154}","Sag Valley Trail System","Miles of looping and connecting unpaved trails take visitors to some of the most remote areas of Cook County.","{}"
"FPDCC","FPDCC","Oak Forest Heritage Preserve Trails","Oak Forest Heritage Preserve Trails","","",2.472,"{1956,1954,1967,1965,1968,1959,1962,1952,1961,1957,1951,1960,1958,1953,1955,1964,1963,1966}","Oak Forest Heritage Preserve Trails","Loop trail following the rolling topography of the Oak Forest Heritage Preserve, highlighting the historically and ecologically significant areas.","{}"
"FPDCC","FPDCC","Midlothian Meadows Trails","Midlothian Meadows Trails","","",3.399,"{2673,2672,2671,50,2278,2270,2305,41,51,2288,2290,54,32,53,52,2669,2271,2668,2675,2676,2304,2674,2670}","Midlothian Meadows Trails","","{}"
"FPDCC","FPDCC","Arie Crown Trails","Arie Crown Trails","","",3.433,"{84,276,278,279,275,2576,2568,204,2573,83,207,81,127,2570,206,205,126,280,2575,2572,277,82,2569,2571,2577}","Arie Crown Trails","Offers riders a natural setting of gently rolling hills and breathtaking beauty as it winds through the woods.","{}"
"FPDCC","FPDCC","Crabtree Trail","Crabtree Trail","","",1.548,"{100}","Crabtree Trail","Paved trail runs southeast from the Old Stover Road Trailhead (across from Crabtree Nature Center) to the Paul Douglas Trail.","{}"
"FPDCC","FPDCC","Arie Crown Trails green unpaved","Arie Crown Trails","green","unpaved",0.009,"{206}","Arie Crown Trails-green-unpaved","","{""Arie Crown Trails""}"
"FPDCC","FPDCC","Arie Crown Trails red unpaved","Arie Crown Trails","red","unpaved",0.043,"{82}","Arie Crown Trails-red-unpaved","","{""Arie Crown Trails""}"
"FPDCC","FPDCC","Arie Crown Trails orange unpaved","Arie Crown Trails","orange","unpaved",0.247,"{83}","Arie Crown Trails-orange-unpaved","","{""Arie Crown Trails""}"
"FPDCC","FPDCC","Arie Crown Trails blue unpaved","Arie Crown Trails","blue","unpaved",0.102,"{127,278,2571,2570}","Arie Crown Trails-blue-unpaved","","{""Arie Crown Trails""}"
"FPDCC","FPDCC","Arie Crown Trails yellow unpaved","Arie Crown Trails","yellow","unpaved",2.278,"{205,277,84,81,2576,2575,2577,280,204,207,275}","Arie Crown Trails-yellow-unpaved","","{""Arie Crown Trails""}"
"FPDCC","FPDCC","Arie Crown Trails black unpaved","Arie Crown Trails","black","unpaved",0.754,"{276,2568,2569,126,2572,279,2573}","Arie Crown Trails-black-unpaved","","{""Arie Crown Trails""}"
"FPDCC","FPDCC","Burnham Greenway Trail red paved","Burnham Greenway Trail","red","paved",3.857,"{148,142,13,2280,2281,2282,2285,2286,2291,2294,1628,143,146,1630,141,658,118,147,119,120}","Burnham Greenway Trail-red-paved","","{""Burnham Greenway Trail""}"
"FPDCC","FPDCC","Burnham Greenway Trail black paved","Burnham Greenway Trail","black","paved",3.491,"{1752,1135,1134,202,1436,1133,149,86,1751,1074,110,109,1073,212,213,1075,1076}","Burnham Greenway Trail-black-paved","","{""Burnham Greenway Trail""}"
"FPDCC","FPDCC","Burnham Prairie Trail red natural surface","Burnham Prairie Trail","red","natural surface",0.120,"{398}","Burnham Prairie Trail-red-natural surface","","{""Burnham Prairie Trail""}"
"FPDCC","FPDCC","Busse Forest Trails yellow paved","Busse Forest Trails","yellow","paved",0.704,"{2069,55,2070,816}","Busse Forest Trails-yellow-paved","","{""Busse Forest Trails""}"
"FPDCC","FPDCC","Busse Forest Trails red paved","Busse Forest Trails","red","paved",7.287,"{2057,2071,2056,2040,822,821,2058,2059,2060,819,2055,2054,2053,2052,2061,2062,817,2072,2051,2050,2063,796,820,2049,1564,1567,2048,2047,2046,2045,2044,2043,2042,2041}","Busse Forest Trails-red-paved","","{""Busse Forest Trails""}"
"FPDCC","FPDCC","Busse Forest Trails green paved","Busse Forest Trails","green","paved",0.284,"{785,69}","Busse Forest Trails-green-paved","","{""Busse Forest Trails""}"
"FPDCC","FPDCC","Busse Forest Trails black paved","Busse Forest Trails","black","paved",2.847,"{2066,2064,27,809,2067,2065,2623,1304,2068,810,814,2622,85,1305}","Busse Forest Trails-black-paved","","{""Busse Forest Trails""}"
"FPDCC","FPDCC","Busse Forest Trails brown paved","Busse Forest Trails","brown","paved",0.185,"{823,815}","Busse Forest Trails-brown-paved","","{""Busse Forest Trails""}"
"FPDCC","FPDCC","Busse Forest Trails orange paved","Busse Forest Trails","orange","paved",0.052,"{70}","Busse Forest Trails-orange-paved","","{""Busse Forest Trails""}"
"FPDCC","FPDCC","Busse Forest Trails olive paved","Busse Forest Trails","olive","paved",0.085,"{8,28,35,26}","Busse Forest Trails-olive-paved","","{""Busse Forest Trails""}"
"FPDCC","FPDCC","Busse Forest Trails purple paved","Busse Forest Trails","purple","paved",1.163,"{1563,1565,56,1566,1562}","Busse Forest Trails-purple-paved","","{""Busse Forest Trails""}"
"FPDCC","FPDCC","Busse Forest Trails yellow unpaved","Busse Forest Trails","yellow","unpaved",,"{2730}","Busse Forest Trails-yellow-unpaved","","{""Busse Forest Trails""}"
"FPDCC","FPDCC","Cal-Sag Trail purple paved","Cal-Sag Trail","purple","paved",27.027,"{2419,2303,2035,2032,1053,2562,1052,2460,1504,2461,613,476,2420,256,1331,1367,582,652,2449,2444,2443,2458,2456,2454,2453,2450,2448,2446,2447,2434,2433,2431,2432,2422,2425,2424,2426,2423,2421,798,472,2417,2413,2415,2387,2386,799,2385,614,2039,2388,2384,2038,2376,2379,2375,2372,2382,2365,2366,2357,2369,1495,2355,2389,128,1502,584,586,1503,608,605,1051,37,587,1330,1333,1507,2310,615,2309,2308,583,2380,2462,2445,2028,2383,255,585,2037,145,812,1505,610,609,1506,651,2561,2459,1368,2418,2381,2416,2414,797,2411,2410,2036,2412}","Cal-Sag Trail-purple-paved","","{""Cal-Sag Trail""}"
"FPDCC","FPDCC","Cal-Sag Trail yellow paved","Cal-Sag Trail","yellow","paved",0.045,"{813}","Cal-Sag Trail-yellow-paved","","{""Cal-Sag Trail""}"
"FPDCC","FPDCC","Cal-Sag Trail black paved","Cal-Sag Trail","black","paved",0.248,"{1332,190}","Cal-Sag Trail-black-paved","","{""Cal-Sag Trail""}"
"FPDCC","FPDCC","Calumet Trail System blue paved","Calumet Trail System","blue","paved",0.496,"{2313,2314,1072}","Calumet Trail System-blue-paved","","{""Calumet Trail System""}"
"FPDCC","FPDCC","Calumet Trail System orange paved","Calumet Trail System","orange","paved",3.618,"{47,60,10,2030,115,116,1553,2311,59,1554,45,46,1552,44}","Calumet Trail System-orange-paved","","{""Calumet Trail System""}"
"FPDCC","FPDCC","Centennial Trail yellow paved","Centennial Trail","yellow","paved",9.311,"{493,14,1496,494,1516,2301,22,1515,495,492,15,491,21,1497,1340,1339}","Centennial Trail-yellow-paved","","{""Centennial Trail""}"
"FPDCC","FPDCC","Centennial Trail purple paved","Centennial Trail","purple","paved",0.015,"{1341}","Centennial Trail-purple-paved","","{""Centennial Trail""}"
"FPDCC","FPDCC","Crabtree Trail black paved","Crabtree Trail","black","paved",1.548,"{100}","Crabtree Trail-black-paved","","{""Crabtree Trail""}"
"FPDCC","FPDCC","Dan Ryan Trails black paved","Dan Ryan Trails","black","paved",0.946,"{2332,2333,1804,2336,2331}","Dan Ryan Trails-black-paved","","{""Dan Ryan Trails""}"
"FPDCC","FPDCC","Dan Ryan Trails purple paved","Dan Ryan Trails","purple","paved",0.025,"{1803}","Dan Ryan Trails-purple-paved","","{""Dan Ryan Trails""}"
"FPDCC","FPDCC","Deer Grove Trails orange unpaved","Deer Grove Trails","orange","unpaved",1.542,"{406,405,403,412}","Deer Grove Trails-orange-unpaved","","{""Deer Grove Trails""}"
"FPDCC","FPDCC","Deer Grove Trails brown unpaved","Deer Grove Trails","brown","unpaved",2.743,"{664,2124,2125,2128,689,688,681,662,692,680,690}","Deer Grove Trails-brown-unpaved","","{""Deer Grove Trails""}"
"FPDCC","FPDCC","Deer Grove Trails red unpaved","Deer Grove Trails","red","unpaved",0.260,"{694}","Deer Grove Trails-red-unpaved","","{""Deer Grove Trails""}"
"FPDCC","FPDCC","Deer Grove Trails black unpaved","Deer Grove Trails","black","unpaved",0.323,"{413}","Deer Grove Trails-black-unpaved","","{""Deer Grove Trails""}"
"FPDCC","FPDCC","Deer Grove Trails purple unpaved","Deer Grove Trails","purple","unpaved",0.145,"{407,414,404}","Deer Grove Trails-purple-unpaved","","{""Deer Grove Trails""}"
"FPDCC","FPDCC","Deer Grove Trails yellow unpaved","Deer Grove Trails","yellow","unpaved",5.454,"{2118,400,409,2499,410,2119,401,684,388,402,408}","Deer Grove Trails-yellow-unpaved","","{""Deer Grove Trails""}"
"FPDCC","FPDCC","Deer Grove Trails black paved","Deer Grove Trails","black","paved",1.250,"{685,687,411,691,2122,259,258,2123,660,683}","Deer Grove Trails-black-paved","","{""Deer Grove Trails""}"
"FPDCC","FPDCC","Deer Grove Trails green unpaved","Deer Grove Trails","green","unpaved",0.600,"{63,663}","Deer Grove Trails-green-unpaved","","{""Deer Grove Trails""}"
"FPDCC","FPDCC","Deer Grove Trails red paved","Deer Grove Trails","red","paved",2.819,"{665,2501,2500,2126,693,659,661,2127,682,2129}","Deer Grove Trails-red-paved","","{""Deer Grove Trails""}"
"FPDCC","FPDCC","Deer Grove Trails blue unpaved","Deer Grove Trails","blue","unpaved",0.351,"{257,260}","Deer Grove Trails-blue-unpaved","","{""Deer Grove Trails""}"
"FPDCC","FPDCC","Deer Grove Trails olive unpaved","Deer Grove Trails","olive","unpaved",0.502,"{686,2121,2120}","Deer Grove Trails-olive-unpaved","","{""Deer Grove Trails""}"
"FPDCC","FPDCC","Des Plaines Trail System green unpaved","Des Plaines Trail System","green","unpaved",0.412,"{470,1477}","Des Plaines Trail System-green-unpaved","","{""Des Plaines Trail System""}"
"FPDCC","FPDCC","Des Plaines Trail System olive unpaved","Des Plaines Trail System","olive","unpaved",0.935,"{234,729,231}","Des Plaines Trail System-olive-unpaved","","{""Des Plaines Trail System""}"
"FPDCC","FPDCC","Des Plaines Trail System orange unpaved","Des Plaines Trail System","orange","unpaved",5.401,"{925,102,233,1527,261,122,924,1528,237,722,1529,232,772}","Des Plaines Trail System-orange-unpaved","","{""Des Plaines Trail System""}"
"FPDCC","FPDCC","Des Plaines Trail System orange paved","Des Plaines Trail System","orange","paved",0.050,"{701,723}","Des Plaines Trail System-orange-paved","","{""Des Plaines Trail System""}"
"FPDCC","FPDCC","Des Plaines Trail System tan unpaved","Des Plaines Trail System","tan","unpaved",0.196,"{67,994}","Des Plaines Trail System-tan-unpaved","","{""Des Plaines Trail System""}"
"FPDCC","FPDCC","Des Plaines Trail System purple unpaved","Des Plaines Trail System","purple","unpaved",0.342,"{923,2485,990,2486,992}","Des Plaines Trail System-purple-unpaved","","{""Des Plaines Trail System""}"
"FPDCC","FPDCC","Des Plaines Trail System brown unpaved","Des Plaines Trail System","brown","unpaved",1.106,"{1601,699,700}","Des Plaines Trail System-brown-unpaved","","{""Des Plaines Trail System""}"
"FPDCC","FPDCC","Des Plaines Trail System red unpaved","Des Plaines Trail System","red","unpaved",1.013,"{262,922,927,929}","Des Plaines Trail System-red-unpaved","","{""Des Plaines Trail System""}"
"FPDCC","FPDCC","Des Plaines Trail System black unpaved","Des Plaines Trail System","black","unpaved",0.640,"{1926,2492,2491,1531,1925,134,2696,1092,72,1530}","Des Plaines Trail System-black-unpaved","","{""Des Plaines Trail System""}"
"FPDCC","FPDCC","Des Plaines Trail System yellow unpaved","Des Plaines Trail System","yellow","unpaved",16.016,"{2644,2643,2642,2489,671,1132,719,2488,1038,2487,720,2484,2483,1673,721,769,1672,1671,1637,1635,728,730,733,752,1039,1040,1041,727,1042,758,1043,1602,1044,1045,1046,1055,1057,1093,1094,989,1599,926,1130,759,1131,921,852,1636,107,106,1030,105,103,97,770,1029,108,75,1027,1026,117,1023,123,124,1022,133,7,2490,1021,991,76,73,135,96,468,469,1031,1475,1032,471,1034,510,68,1096,511,1035,512,601,1036,670,1037,920,1478,1476}","Des Plaines Trail System-yellow-unpaved","","{""Des Plaines Trail System""}"
"FPDCC","FPDCC","Des Plaines Trail System black paved","Des Plaines Trail System","black","paved",0.030,"{1924}","Des Plaines Trail System-black-paved","","{""Des Plaines Trail System""}"
"FPDCC","FPDCC","Des Plaines Trail System yellow paved","Des Plaines Trail System","yellow","paved",1.380,"{1007,1269,1008,1006,771,1268,77,1267,95,988,1050,1600,247}","Des Plaines Trail System-yellow-paved","","{""Des Plaines Trail System""}"
"FPDCC","FPDCC","Des Plaines Trail System blue unpaved","Des Plaines Trail System","blue","unpaved",0.909,"{74,2719,2718}","Des Plaines Trail System-blue-unpaved","","{""Des Plaines Trail System""}"
"FPDCC","FPDCC","Horizon Farm Trails yellow unpaved","Horizon Farm Trails","yellow","unpaved",1.221,"{997,996,121}","Horizon Farm Trails-yellow-unpaved","","{""Horizon Farm Trails""}"
"FPDCC","FPDCC","John Husar I&M Canal Trail black paved","John Husar I&M Canal Trail","black","paved",3.164,"{1646,1644,2297,2296,2298,2295,1645}","John Husar I&M Canal Trail-black-paved","","{""John Husar I&M Canal Trail""}"
"FPDCC","FPDCC","John Husar I&M Canal Trail red paved","John Husar I&M Canal Trail","red","paved",5.532,"{2299,611,226,478,2302,2300,475}","John Husar I&M Canal Trail-red-paved","","{""John Husar I&M Canal Trail""}"
"FPDCC","FPDCC","John Husar I&M Canal Trail purple paved","John Husar I&M Canal Trail","purple","paved",0.298,"{477,1338,1337,612,474,473,1342}","John Husar I&M Canal Trail-purple-paved","","{""John Husar I&M Canal Trail""}"
"FPDCC","FPDCC","Kickapoo Woods Trail red paved","Kickapoo Woods Trail","red","paved",0.994,"{317,316}","Kickapoo Woods Trail-red-paved","","{""Kickapoo Woods Trail""}"
"FPDCC","FPDCC","Kickapoo Woods Trail black paved","Kickapoo Woods Trail","black","paved",0.023,"{315}","Kickapoo Woods Trail-black-paved","","{""Kickapoo Woods Trail""}"
"FPDCC","FPDCC","Major Taylor Trail red paved","Major Taylor Trail","red","paved",7.819,"{1011,1009,847,215,240,288,203,113,88,48,87,111,112,2029,36,289,186,187,1801,188,189,1802,214,590,589,588,1450,848,1978,1979,1980,152,162,163,164,182,183,287,184,241,1650,1651,1805,1010,504,1652,191}","Major Taylor Trail-red-paved","","{""Major Taylor Trail""}"
"FPDCC","FPDCC","Midlothian Meadows Trails orange paved","Midlothian Meadows Trails","orange","paved",0.074,"{53}","Midlothian Meadows Trails-orange-paved","","{""Midlothian Meadows Trails""}"
"FPDCC","FPDCC","Midlothian Meadows Trails olive paved","Midlothian Meadows Trails","olive","paved",0.064,"{32}","Midlothian Meadows Trails-olive-paved","","{""Midlothian Meadows Trails""}"
"FPDCC","FPDCC","Midlothian Meadows Trails blue paved","Midlothian Meadows Trails","blue","paved",0.464,"{50,52,2278}","Midlothian Meadows Trails-blue-paved","","{""Midlothian Meadows Trails""}"
"FPDCC","FPDCC","Midlothian Meadows Trails green paved","Midlothian Meadows Trails","green","paved",2.655,"{2270,2671,2672,2674,2675,54,2676,2669,2670,2304,2668,2305,2271,41,51,2673}","Midlothian Meadows Trails-green-paved","","{""Midlothian Meadows Trails""}"
"FPDCC","FPDCC","Midlothian Meadows Trails black paved","Midlothian Meadows Trails","black","paved",0.142,"{2290,2288}","Midlothian Meadows Trails-black-paved","","{""Midlothian Meadows Trails""}"
"FPDCC","FPDCC","Miller Meadow Trail blue paved","Miller Meadow Trail","blue","paved",2.012,"{1490,1489,934,937,931,1329,938,940,1327,939,1491,930,1488,1328,933,935,1492,932,9,936}","Miller Meadow Trail-blue-paved","","{""Miller Meadow Trail""}"
"FPDCC","FPDCC","North Branch Trail System yellow unpaved","North Branch Trail System","yellow","unpaved",7.932,"{2511,2517,2156,2161,2166,2167,2160,2169,1791,2514,1789,1508,1790,2513,2512,2515,2157,1263,642,644,2510,708,710,1512,1781,1559,1557,2171,649,2516,2519,2518,1788,1782,1787,1784,1772,1870}","North Branch Trail System-yellow-unpaved","","{""North Branch Trail System""}"
"FPDCC","FPDCC","North Branch Trail System olive unpaved","North Branch Trail System","olive","unpaved",0.750,"{1863,1560,1865,1866,1867,1868,1869}","North Branch Trail System-olive-unpaved","","{""North Branch Trail System""}"
"FPDCC","FPDCC","North Branch Trail System olive paved","North Branch Trail System","olive","paved",0.025,"{1864}","North Branch Trail System-olive-paved","","{""North Branch Trail System""}"
"FPDCC","FPDCC","North Branch Trail System black paved","North Branch Trail System","black","paved",4.468,"{2506,2145,1307,2150,2026,2027,2151,2025,2153,2508,2155,2023,2152,2146,2507,1311,2154,2024,2509}","North Branch Trail System-black-paved","","{""North Branch Trail System""}"
"FPDCC","FPDCC","North Branch Trail System blue paved","North Branch Trail System","blue","paved",2.053,"{2503,497,2505,2144,496,1668,1669,1684,505,1308,2502,1309,1670,2504,1310,2143}","North Branch Trail System-blue-paved","","{""North Branch Trail System""}"
"FPDCC","FPDCC","North Branch Trail System green paved","North Branch Trail System","green","paved",0.455,"{1631,706,1632,1634,155,850}","North Branch Trail System-green-paved","","{""North Branch Trail System""}"
"FPDCC","FPDCC","North Branch Trail System purple paved","North Branch Trail System","purple","paved",0.467,"{513}","North Branch Trail System-purple-paved","","{""North Branch Trail System""}"
"FPDCC","FPDCC","North Branch Trail System yellow paved","North Branch Trail System","yellow","paved",0.227,"{1783,707,709,1900}","North Branch Trail System-yellow-paved","","{""North Branch Trail System""}"
"FPDCC","FPDCC","North Branch Trail System blue unpaved","North Branch Trail System","blue","unpaved",2.265,"{2138,227,2142,2140,2139,2141,2137}","North Branch Trail System-blue-unpaved","","{""North Branch Trail System""}"
"FPDCC","FPDCC","North Branch Trail System red paved","North Branch Trail System","red","paved",15.931,"{2582,2175,2581,2574,309,153,321,318,2522,2523,2525,1625,2589,2587,1626,2524,1561,199,1779,1682,1683,320,1777,1778,198,1775,712,1780,1771,2180,2181,2178,1773,382,1913,718,1899,2174,2583,2172,2173,1786,1776,1774,166,2179,2184,717,2165,2182,2164,2170,641,2580,2159,645,2588,154,2586,2585,2148,2584,1685,2578,2158,2186,197,71,1627,2579,2566,2702,2700,2701,711,1156,2147,1509,716,1558,1793,1792,643,78,713,714,2567,1157,2187,715,2168}","North Branch Trail System-red-paved","","{""North Branch Trail System""}"
"FPDCC","FPDCC","North Branch Trail System orange paved","North Branch Trail System","orange","paved",0.021,"{1511}","North Branch Trail System-orange-paved","","{""North Branch Trail System""}"
"FPDCC","FPDCC","North Branch Trail System brown unpaved","North Branch Trail System","brown","unpaved",1.118,"{1266,1265}","North Branch Trail System-brown-unpaved","","{""North Branch Trail System""}"
"FPDCC","FPDCC","North Branch Trail System orange unpaved","North Branch Trail System","orange","unpaved",0.879,"{2590,2691,2692,1510,2689,2690,498,2693}","North Branch Trail System-orange-unpaved","","{""North Branch Trail System""}"
"FPDCC","FPDCC","North Branch Trail System brown paved","North Branch Trail System","brown","paved",0.078,"{1785,640,1264,1262}","North Branch Trail System-brown-paved","","{""North Branch Trail System""}"
"FPDCC","FPDCC","Oak Forest Heritage Preserve Trails brown paved","Oak Forest Heritage Preserve Trails","brown","paved",1.730,"{1961,1953,1958,1965,1962,1967,1954}","Oak Forest Heritage Preserve Trails-brown-paved","","{""Oak Forest Heritage Preserve Trails""}"
"FPDCC","FPDCC","Oak Forest Heritage Preserve Trails orange paved","Oak Forest Heritage Preserve Trails","orange","paved",0.065,"{1952}","Oak Forest Heritage Preserve Trails-orange-paved","","{""Oak Forest Heritage Preserve Trails""}"
"FPDCC","FPDCC","Oak Forest Heritage Preserve Trails tan paved","Oak Forest Heritage Preserve Trails","tan","paved",0.101,"{1951}","Oak Forest Heritage Preserve Trails-tan-paved","","{""Oak Forest Heritage Preserve Trails""}"
"FPDCC","FPDCC","Oak Forest Heritage Preserve Trails yellow unpaved","Oak Forest Heritage Preserve Trails","yellow","unpaved",0.282,"{1960,1968,1959,1964,1966}","Oak Forest Heritage Preserve Trails-yellow-unpaved","","{""Oak Forest Heritage Preserve Trails""}"
"FPDCC","FPDCC","Oak Forest Heritage Preserve Trails purple paved","Oak Forest Heritage Preserve Trails","purple","paved",0.033,"{1956}","Oak Forest Heritage Preserve Trails-purple-paved","","{""Oak Forest Heritage Preserve Trails""}"
"FPDCC","FPDCC","Oak Forest Heritage Preserve Trails red unpaved","Oak Forest Heritage Preserve Trails","red","unpaved",0.261,"{1955,1957,1963}","Oak Forest Heritage Preserve Trails-red-unpaved","","{""Oak Forest Heritage Preserve Trails""}"
"FPDCC","FPDCC","Orland Grassland Trail System black paved","Orland Grassland Trail System","black","paved",0.160,"{746}","Orland Grassland Trail System-black-paved","","{""Orland Grassland Trail System""}"
"FPDCC","FPDCC","Orland Grassland Trail System yellow primitive","Orland Grassland Trail System","yellow","primitive",1.006,"{1195,754,1657,1660}","Orland Grassland Trail System-yellow-primitive","","{""Orland Grassland Trail System""}"
"FPDCC","FPDCC","Orland Grassland Trail System purple primitive","Orland Grassland Trail System","purple","primitive",0.673,"{1061,1661}","Orland Grassland Trail System-purple-primitive","","{""Orland Grassland Trail System""}"
"FPDCC","FPDCC","Orland Grassland Trail System orange primitive","Orland Grassland Trail System","orange","primitive",1.069,"{1662}","Orland Grassland Trail System-orange-primitive","","{""Orland Grassland Trail System""}"
"FPDCC","FPDCC","Orland Grassland Trail System orange stone","Orland Grassland Trail System","orange","stone",0.116,"{598,312}","Orland Grassland Trail System-orange-stone","","{""Orland Grassland Trail System""}"
"FPDCC","FPDCC","Orland Grassland Trail System tan primitive","Orland Grassland Trail System","tan","primitive",0.989,"{1541,748}","Orland Grassland Trail System-tan-primitive","","{""Orland Grassland Trail System""}"
"FPDCC","FPDCC","Orland Grassland Trail System brown stone","Orland Grassland Trail System","brown","stone",0.489,"{1160,1159,1158,898,906,909,1161}","Orland Grassland Trail System-brown-stone","","{""Orland Grassland Trail System""}"
"FPDCC","FPDCC","Orland Grassland Trail System blue primitive","Orland Grassland Trail System","blue","primitive",0.116,"{866,751}","Orland Grassland Trail System-blue-primitive","","{""Orland Grassland Trail System""}"
"FPDCC","FPDCC","Orland Grassland Trail System brown primitive","Orland Grassland Trail System","brown","primitive",1.117,"{862,1658,861}","Orland Grassland Trail System-brown-primitive","","{""Orland Grassland Trail System""}"
"FPDCC","FPDCC","Orland Grassland Trail System tan stone","Orland Grassland Trail System","tan","stone",0.054,"{893}","Orland Grassland Trail System-tan-stone","","{""Orland Grassland Trail System""}"
"FPDCC","FPDCC","Orland Grassland Trail System purple paved","Orland Grassland Trail System","purple","paved",0.039,"{1542}","Orland Grassland Trail System-purple-paved","","{""Orland Grassland Trail System""}"
"FPDCC","FPDCC","Orland Grassland Trail System orange paved","Orland Grassland Trail System","orange","paved",0.055,"{743}","Orland Grassland Trail System-orange-paved","","{""Orland Grassland Trail System""}"
"FPDCC","FPDCC","Orland Grassland Trail System blue paved","Orland Grassland Trail System","blue","paved",0.083,"{327}","Orland Grassland Trail System-blue-paved","","{""Orland Grassland Trail System""}"
"FPDCC","FPDCC","Orland Grassland Trail System tan paved","Orland Grassland Trail System","tan","paved",0.046,"{755}","Orland Grassland Trail System-tan-paved","","{""Orland Grassland Trail System""}"
"FPDCC","FPDCC","Orland Grassland Trail System green primitive","Orland Grassland Trail System","green","primitive",0.086,"{863}","Orland Grassland Trail System-green-primitive","","{""Orland Grassland Trail System""}"
"FPDCC","FPDCC","Orland Grassland Trail System green paved","Orland Grassland Trail System","green","paved",0.088,"{16}","Orland Grassland Trail System-green-paved","","{""Orland Grassland Trail System""}"
"FPDCC","FPDCC","Orland Grassland Trail System red paved","Orland Grassland Trail System","red","paved",5.032,"{747,745,1656,756,750,860,1543,757,1540,864,749,1062,744,1659,867}","Orland Grassland Trail System-red-paved","","{""Orland Grassland Trail System""}"
"FPDCC","FPDCC","Orland Grassland Trail System purple stone","Orland Grassland Trail System","purple","stone",0.029,"{905}","Orland Grassland Trail System-purple-stone","","{""Orland Grassland Trail System""}"
"FPDCC","FPDCC","Orland Grassland Trail System yellow stone","Orland Grassland Trail System","yellow","stone",1.694,"{908,907,903,895,894,897,896,899,900,901,902,904}","Orland Grassland Trail System-yellow-stone","","{""Orland Grassland Trail System""}"
"FPDCC","FPDCC","Orland Grassland Trail System red primitive","Orland Grassland Trail System","red","primitive",0.021,"{1194}","Orland Grassland Trail System-red-primitive","","{""Orland Grassland Trail System""}"
"FPDCC","FPDCC","Palos Trail System olive unpaved","Palos Trail System","olive","unpaved",2.574,"{1260,1104,1533,2322,2321,515,79,1546,2653,506,1643}","Palos Trail System-olive-unpaved","","{""Palos Trail System""}"
"FPDCC","FPDCC","Palos Trail System yellow paved","Palos Trail System","yellow","paved",0.009,"{1441}","Palos Trail System-yellow-paved","","{""Palos Trail System""}"
"FPDCC","FPDCC","Palos Trail System green unpaved","Palos Trail System","green","unpaved",1.575,"{2656,2725,1182,1449,2727,1089,2655,2715}","Palos Trail System-green-unpaved","","{""Palos Trail System""}"
"FPDCC","FPDCC","Palos Trail System black paved","Palos Trail System","black","paved",0.236,"{2709,2706,2708,2710,2707}","Palos Trail System-black-paved","","{""Palos Trail System""}"
"FPDCC","FPDCC","Palos Trail System black unpaved","Palos Trail System","black","unpaved",4.410,"{1547,1545,38,1103,1544,2717,2713}","Palos Trail System-black-unpaved","","{""Palos Trail System""}"
"FPDCC","FPDCC","Palos Trail System brown unpaved","Palos Trail System","brown","unpaved",5.531,"{1571,1833,1835,1836,58,2340,2338,2609,2337,1175,362,1110,2330,2329,1638,1108,2334,2328,1568,2625,2327,2339,290,1834,328,57,326,2626,2335,1570}","Palos Trail System-brown-unpaved","","{""Palos Trail System""}"
"FPDCC","FPDCC","Palos Trail System orange unpaved","Palos Trail System","orange","unpaved",6.531,"{2657,1764,2658,1639,1174,221,2325,434,832,1343,2315,1173,2326,1179,1107,2659,1532,1534,436,433,1640,2628,1090,2654,2627,1535,2317}","Palos Trail System-orange-unpaved","","{""Palos Trail System""}"
"FPDCC","FPDCC","Palos Trail System blue unpaved","Palos Trail System","blue","unpaved",4.658,"{2714,1721,1947,1948,1192,2723,2721,1725,1180,1181,2726,1193,1446,1943,1944,2312,1939,1940,1448}","Palos Trail System-blue-unpaved","","{""Palos Trail System""}"
"FPDCC","FPDCC","Palos Trail System  unpaved","Palos Trail System","","unpaved",0.093,"{2716,2722}","Palos Trail System--unpaved","","{""Palos Trail System""}"
"FPDCC","FPDCC","Palos Trail System yellow unpaved","Palos Trail System","yellow","unpaved",9.684,"{1344,2563,2564,604,1401,1641,1258,1183,1642,1259,435,1105,1106,1402,602,1261,363,1548,1012,2323,2319,514,2320,2324,1400,2705,1013,1184,1257}","Palos Trail System-yellow-unpaved","","{""Palos Trail System""}"
"FPDCC","FPDCC","Palos Trail System purple unpaved","Palos Trail System","purple","unpaved",2.423,"{1442,1177,1443,80,766,765}","Palos Trail System-purple-unpaved","","{""Palos Trail System""}"
"FPDCC","FPDCC","Palos Trail System red unpaved","Palos Trail System","red","unpaved",2.353,"{1938,1726,1946,1945,1941,1722,1796,1950,1109,1797,1795,1723,1178,763,1949}","Palos Trail System-red-unpaved","","{""Palos Trail System""}"
"FPDCC","FPDCC","Paul Douglas Trail black paved","Paul Douglas Trail","black","paved",1.189,"{170,2497,2498,2117,2114,462,2113,2115,2116,101}","Paul Douglas Trail-black-paved","","{""Paul Douglas Trail""}"
"FPDCC","FPDCC","Paul Douglas Trail red paved","Paul Douglas Trail","red","paved",7.328,"{2107,2496,2112,2109,2108,2111,466,2495,2104,463,2105,464,2493,253,465,2494}","Paul Douglas Trail-red-paved","","{""Paul Douglas Trail""}"
"FPDCC","FPDCC","Perkins Woods Trails yellow foot","Perkins Woods Trails","yellow","foot",0.375,"{158,224,157,225,160,161,159}","Perkins Woods Trails-yellow-foot","","{""Perkins Woods Trails""}"
"FPDCC","FPDCC","Plum Creek Trail black unpaved","Plum Creek Trail","black","unpaved",1.798,"{2073,2074,419}","Plum Creek Trail-black-unpaved","","{""Plum Creek Trail""}"
"FPDCC","FPDCC","Poplar Creek Trail System green paved","Poplar Creek Trail System","green","paved",0.035,"{263}","Poplar Creek Trail System-green-paved","","{""Poplar Creek Trail System""}"
"FPDCC","FPDCC","Poplar Creek Trail System orange unpaved","Poplar Creek Trail System","orange","unpaved",1.864,"{1886,1224,1698,2088,1887,1215,1223,1704,1695,1457,2087,1885,1703,1701,1702}","Poplar Creek Trail System-orange-unpaved","","{""Poplar Creek Trail System""}"
"FPDCC","FPDCC","Poplar Creek Trail System purple unpaved","Poplar Creek Trail System","purple","unpaved",0.704,"{1465,1705}","Poplar Creek Trail System-purple-unpaved","","{""Poplar Creek Trail System""}"
"FPDCC","FPDCC","Poplar Creek Trail System red unpaved","Poplar Creek Trail System","red","unpaved",0.008,"{1463}","Poplar Creek Trail System-red-unpaved","","{""Poplar Creek Trail System""}"
"FPDCC","FPDCC","Poplar Creek Trail System black paved","Poplar Creek Trail System","black","paved",0.427,"{1213,264}","Poplar Creek Trail System-black-paved","","{""Poplar Creek Trail System""}"
"FPDCC","FPDCC","Poplar Creek Trail System red paved","Poplar Creek Trail System","red","paved",8.866,"{2103,2620,1225,1218,1219,1217,1214,1889,2621,1696,1221,2080,1884,2079,1222,2076,2075,2078,1697,2090,2095,2089,2096,2102,2097,2077,2098,2101,2100}","Poplar Creek Trail System-red-paved","","{""Poplar Creek Trail System""}"
"FPDCC","FPDCC","Poplar Creek Trail System olive unpaved","Poplar Creek Trail System","olive","unpaved",0.209,"{1888}","Poplar Creek Trail System-olive-unpaved","","{""Poplar Creek Trail System""}"
"FPDCC","FPDCC","Poplar Creek Trail System yellow unpaved","Poplar Creek Trail System","yellow","unpaved",3.680,"{1890,1892,2093,1464,1893,1466,1895,1462,2092,1458,1459,1894,1883,1461}","Poplar Creek Trail System-yellow-unpaved","","{""Poplar Creek Trail System""}"
"FPDCC","FPDCC","Poplar Creek Trail System black unpaved","Poplar Creek Trail System","black","unpaved",0.697,"{1216,2619,2084,2618,1891,2083}","Poplar Creek Trail System-black-unpaved","","{""Poplar Creek Trail System""}"
"FPDCC","FPDCC","Poplar Creek Trail System green unpaved","Poplar Creek Trail System","green","unpaved",0.760,"{2012,1699,1680,1456,1700}","Poplar Creek Trail System-green-unpaved","","{""Poplar Creek Trail System""}"
"FPDCC","FPDCC","Poplar Creek Trail System blue unpaved","Poplar Creek Trail System","blue","unpaved",0.500,"{1460}","Poplar Creek Trail System-blue-unpaved","","{""Poplar Creek Trail System""}"
"FPDCC","FPDCC","Poplar Creek Trail System purple paved","Poplar Creek Trail System","purple","paved",0.402,"{29}","Poplar Creek Trail System-purple-paved","","{""Poplar Creek Trail System""}"
"FPDCC","FPDCC","Poplar Creek Trail System brown unpaved","Poplar Creek Trail System","brown","unpaved",2.731,"{2010,274,2009,2082,2013,2011,2008}","Poplar Creek Trail System-brown-unpaved","","{""Poplar Creek Trail System""}"
"FPDCC","FPDCC","Sag Valley Trail System purple unpaved","Sag Valley Trail System","purple","unpaved",0.389,"{1916}","Sag Valley Trail System-purple-unpaved","","{""Sag Valley Trail System""}"
"FPDCC","FPDCC","Sag Valley Trail System blue unpaved","Sag Valley Trail System","blue","unpaved",0.351,"{911,1154,2470,1153,1152,2475,2478,2479,1155,2649}","Sag Valley Trail System-blue-unpaved","","{""Sag Valley Trail System""}"
"FPDCC","FPDCC","Sag Valley Trail System  unpaved","Sag Valley Trail System","","unpaved",0.085,"{2703}","Sag Valley Trail System--unpaved","","{""Sag Valley Trail System""}"
"FPDCC","FPDCC","Sag Valley Trail System black unpaved","Sag Valley Trail System","black","unpaved",0.843,"{2346,2650,2345,1201}","Sag Valley Trail System-black-unpaved","","{""Sag Valley Trail System""}"
"FPDCC","FPDCC","Sag Valley Trail System green unpaved","Sag Valley Trail System","green","unpaved",2.642,"{1142,596,597,1144}","Sag Valley Trail System-green-unpaved","","{""Sag Valley Trail System""}"
"FPDCC","FPDCC","Sag Valley Trail System yellow unpaved","Sag Valley Trail System","yellow","unpaved",8.048,"{1901,2466,1904,2349,2351,1911,2347,2465,2472,2463,1915,2464,1903,1906,2350,2348,1923,1908,1920,1919,913,249,918,2612,2607,1918,1914,1922,2559,2560,917,2704,2352,916,915,2613,912,2608,914,2474,1902}","Sag Valley Trail System-yellow-unpaved","","{""Sag Valley Trail System""}"
"FPDCC","FPDCC","Sag Valley Trail System red unpaved","Sag Valley Trail System","red","unpaved",2.454,"{2343,2344,1255,2341,2342}","Sag Valley Trail System-red-unpaved","","{""Sag Valley Trail System""}"
"FPDCC","FPDCC","Sag Valley Trail System brown unpaved","Sag Valley Trail System","brown","unpaved",3.352,"{1256,1907,1172,1905}","Sag Valley Trail System-brown-unpaved","","{""Sag Valley Trail System""}"
"FPDCC","FPDCC","Sag Valley Trail System purple paved","Sag Valley Trail System","purple","paved",0.265,"{1102,1101,1100,2427,2428}","Sag Valley Trail System-purple-paved","","{""Sag Valley Trail System""}"
"FPDCC","FPDCC","Sag Valley Trail System orange unpaved","Sag Valley Trail System","orange","unpaved",0.091,"{910}","Sag Valley Trail System-orange-unpaved","","{""Sag Valley Trail System""}"
"FPDCC","FPDCC","Sag Valley Trail System yellow paved","Sag Valley Trail System","yellow","paved",0.014,"{919,1921}","Sag Valley Trail System-yellow-paved","","{""Sag Valley Trail System""}"
"FPDCC","FPDCC","Sag Valley Trail System olive unpaved","Sag Valley Trail System","olive","unpaved",0.884,"{1910,1917,1202,1909}","Sag Valley Trail System-olive-unpaved","","{""Sag Valley Trail System""}"
"FPDCC","FPDCC","Sag Valley Trail System blue natural surface","Sag Valley Trail System","blue","natural surface",0.904,"{1143}","Sag Valley Trail System-blue-natural surface","","{""Sag Valley Trail System""}"
"FPDCC","FPDCC","Salt Creek Trail System green paved","Salt Creek Trail System","green","paved",0.047,"{1099,1151,737,1289}","Salt Creek Trail System-green-paved","","{""Salt Creek Trail System""}"
"FPDCC","FPDCC","Salt Creek Trail System orange unpaved","Salt Creek Trail System","orange","unpaved",1.742,"{1759,1518,1761,2230,1522,1521,1517,1758,2229}","Salt Creek Trail System-orange-unpaved","","{""Salt Creek Trail System""}"
"FPDCC","FPDCC","Salt Creek Trail System black unpaved","Salt Creek Trail System","black","unpaved",0.292,"{1098}","Salt Creek Trail System-black-unpaved","","{""Salt Creek Trail System""}"
"FPDCC","FPDCC","Salt Creek Trail System blue unpaved","Salt Creek Trail System","blue","unpaved",0.063,"{1523}","Salt Creek Trail System-blue-unpaved","","{""Salt Creek Trail System""}"
"FPDCC","FPDCC","Salt Creek Trail System tan unpaved","Salt Creek Trail System","tan","unpaved",0.082,"{1298}","Salt Creek Trail System-tan-unpaved","","{""Salt Creek Trail System""}"
"FPDCC","FPDCC","Salt Creek Trail System orange paved","Salt Creek Trail System","orange","paved",2.144,"{1,2477,1297,1296,2471,1897,2469,2476,846,845}","Salt Creek Trail System-orange-paved","","{""Salt Creek Trail System""}"
"FPDCC","FPDCC","Salt Creek Trail System brown unpaved","Salt Creek Trail System","brown","unpaved",0.183,"{1873}","Salt Creek Trail System-brown-unpaved","","{""Salt Creek Trail System""}"
"FPDCC","FPDCC","Salt Creek Trail System black natural surface","Salt Creek Trail System","black","natural surface",1.004,"{885,872,879,887,880,881,884,875,874,877,876,886,878,2473}","Salt Creek Trail System-black-natural surface","","{""Salt Creek Trail System""}"
"FPDCC","FPDCC","Salt Creek Trail System red paved","Salt Creek Trail System","red","paved",7.191,"{1148,2209,2226,2223,2199,2204,1302,2224,1300,1301,2197,1150,1872,1303,2615,2482,1291,2208,2203,2201,2205,1290,1295,2225,6,1292}","Salt Creek Trail System-red-paved","","{""Salt Creek Trail System""}"
"FPDCC","FPDCC","Salt Creek Trail System red unpaved","Salt Creek Trail System","red","unpaved",0.093,"{1762}","Salt Creek Trail System-red-unpaved","","{""Salt Creek Trail System""}"
"FPDCC","FPDCC","Salt Creek Trail System purple paved","Salt Creek Trail System","purple","paved",0.479,"{1270,1271,650}","Salt Creek Trail System-purple-paved","","{""Salt Creek Trail System""}"
"FPDCC","FPDCC","Salt Creek Trail System green natural surface","Salt Creek Trail System","green","natural surface",0.755,"{1525,1520,1760,1756,1519}","Salt Creek Trail System-green-natural surface","","{""Salt Creek Trail System""}"
"FPDCC","FPDCC","Salt Creek Trail System olive paved","Salt Creek Trail System","olive","paved",0.012,"{1299}","Salt Creek Trail System-olive-paved","","{""Salt Creek Trail System""}"
"FPDCC","FPDCC","Salt Creek Trail System brown paved","Salt Creek Trail System","brown","paved",0.215,"{2481,1294,2480}","Salt Creek Trail System-brown-paved","","{""Salt Creek Trail System""}"
"FPDCC","FPDCC","Salt Creek Trail System olive unpaved","Salt Creek Trail System","olive","unpaved",0.211,"{1757}","Salt Creek Trail System-olive-unpaved","","{""Salt Creek Trail System""}"
"FPDCC","FPDCC","Salt Creek Trail System black paved","Salt Creek Trail System","black","paved",2.452,"{883,1896,2246,2245,1898,2614,873,2244,2247,2248,2283,2284,192,2239,185,2238,193,2292,2293,882}","Salt Creek Trail System-black-paved","","{""Salt Creek Trail System""}"
"FPDCC","FPDCC","Salt Creek Trail System purple unpaved","Salt Creek Trail System","purple","unpaved",0.163,"{1526}","Salt Creek Trail System-purple-unpaved","","{""Salt Creek Trail System""}"
"FPDCC","FPDCC","Salt Creek Trail System yellow unpaved","Salt Creek Trail System","yellow","unpaved",1.513,"{1871,2228,2227,1874}","Salt Creek Trail System-yellow-unpaved","","{""Salt Creek Trail System""}"
"FPDCC","FPDCC","Spring Lake Trails black unpaved","Spring Lake Trails","black","unpaved",45.751,"{286,1379,481,1409,479,1321,1322,393,374,389,387,554,2017,1747,386,385,384,379,378,376,375,372,360,359,357,353,352,350,347,346,345,344,343,342,341,522,358,336,333,332,331,330,467,323,322,313,311,307,295,265,955,252,553,394,248,458,251,377,1396,64,31,383,33,1664,1598,355,1125,1118,1067,1377,1165,2014,1064,627,442,1882,1881,1880,367,836,835,829,827,826,792,480,281,314,296,273,395,560,294,2132,2134,293,19,2007,2133,18,484,483,482,223,2130,2131,2136,2135,292,291,1580,1406,1647,1404,1422,1386,1385,1403,1363,1384,1383,1382,1381,1380,1391,1713,1366,1365,1594,1837,1420,1419,844,1324,1323,1649,1931,1316,773,1997,1277,1253,1408,1578,1579,1706,1707,1708,1710,1251,1250,1249,1248,1831,1247,1806,1246,1240,1821,1823,1824,1825,1826,1827,1829,1830,1236,1927,1932,1933,1935,1451,1231,1230,1229,1228,1969,1970,1976,1227,2006,1585,1239,246,1211,1209,453,1998,2002,2003,2005,1210,2004,125,1208,595,2020,1245,1807,1244,1243,1387,1190,1189,1185,1238,1499,364,1149,1350,1351,1370,1371,1423,2021,2022,1407,1137,1577,1607,1709,1729,1730,1732,416,238,1120,1119,1191,1117,242,243,244,1116,1113,308,1085,1111,399,559,415,418,422,1731,1171,425,451,1124,1083,628,1081,637,1188,1212,725,676,677,678,1020,1500,1019,965,961,839,774,775,776,956,954,953,951,949,1356,947,946,968,969,945,998,1065,1066,944,1087,1187,1241,1242,1278,1279,1288,1354,1355,1357,1358,1360,1454,369,1455,1437,368,171,952,195,856,1589,1590,1591,1592,857,1623,842,838,837,834,865,1841,1844,1846,1852,1853,1854,1861,1862,1326,1878,825,824,794,500,793,2015,1743,1001,1002,726,753,890,2016,724,948,963,800,833,366,669,667,568,666,859,858,365,569,567,566,565,564,563,562,459,555,552,551,550,549,548,547,545,490,544,540,539,975,978,982,983,538,523,501,488,1203,1206,1232,1235,1237,487,1373,486,485,1284,1285,1286,1293,1727,1398,1374,1376,1425,1576,1615,1619,543,542,1737,1742,1750,1648,591,593,594,541,310,1416,450,449,639,447,1378,445,430,428,427,429,1718,1717,943,1714,1123,371,1084,1167,1163,1375,572,1593,1440,1438,1252,781,438,245,2019,2018,1362,1353,1498,803,546,1879,1875,1934,228,1820,1936,1818,1817,1816,1814,1813,1811,1809,1808,1812,216,1575,1694,1688,1077,1588,1587,1586,1583,1582,1361,1359,1471,1470,1484,1433,1431,1426,1352,1584,1395,1394,1392,1170,1162,1141,1140,1186,397,1080,1071,356,1070,1069,1068,960,959,1666,958,964,392,2629,2630,892,439,426,1596,1819,570,571,573,574,561,1501,20,30,600,266,390,391,537,1017,1063,172,1667,1681,1832,340,437,302,301,298,1974,272,270,269,268,267,271,250,210,211,535,354,461,456,1405,452,457,1603,1604,1610,1611,1612,1614,455,1424,1364,1280,973,980,981,454,1254,1711,1735,194,1581,1595,1597,1421}","Spring Lake Trails-black-unpaved","","{""Spring Lake Trails""}"
"FPDCC","FPDCC","Thorn Creek Trail System purple paved","Thorn Creek Trail System","purple","paved",1.498,"{130,673,674,675}","Thorn Creek Trail System-purple-paved","","{""Thorn Creek Trail System""}"
"FPDCC","FPDCC","Thorn Creek Trail System green paved","Thorn Creek Trail System","green","paved",5.312,"{1524,736,176,1335,2034,2306,1755,1556,1753,218,217,1536,1334,2162,2163,178}","Thorn Creek Trail System-green-paved","","{""Thorn Creek Trail System""}"
"FPDCC","FPDCC","Thorn Creek Trail System yellow natural surface","Thorn Creek Trail System","yellow","natural surface",0.899,"{1147,1145,1146}","Thorn Creek Trail System-yellow-natural surface","","{""Thorn Creek Trail System""}"
"FPDCC","FPDCC","Thorn Creek Trail System red paved","Thorn Creek Trail System","red","paved",12.748,"{508,219,220,230,201,196,181,180,165,1555,25,1654,1655,1770,489,1769,1319,1653,1768,1346,986,1306,1320,1317,131,179,741,767,742,1347,1551,787,1349,1318,738,739,784,229,2193,2183,2185,2190,2176,2177,2188,2189,2191,1550,2195,2192,2198,2194,2202,2196,2200,2149,200,24,5,782,790,1549,509,2231,423,2207,2222,1629,2233,2232,2240,2234,2235,2236,2237,2241,2243,2242,1014,984,987,791,507,175,319,788,129,740,177,2558,2557}","Thorn Creek Trail System-red-paved","","{""Thorn Creek Trail System""}"
"FPDCC","FPDCC","Thorn Creek Trail System yellow unpaved","Thorn Creek Trail System","yellow","unpaved",3.386,"{1767,1794,1800,2688,2687,1435,2250,2252,2249,1799,2685,2686,2251,1798}","Thorn Creek Trail System-yellow-unpaved","","{""Thorn Creek Trail System""}"
"FPDCC","FPDCC","Thorn Creek Trail System orange paved","Thorn Creek Trail System","orange","paved",0.062,"{1538,1537,1539}","Thorn Creek Trail System-orange-paved","","{""Thorn Creek Trail System""}"
"FPDCC","FPDCC","Thorn Creek Trail System black unpaved","Thorn Creek Trail System","black","unpaved",0.127,"{1573,1574,1348}","Thorn Creek Trail System-black-unpaved","","{""Thorn Creek Trail System""}"
"FPDCC","FPDCC","Thorn Creek Trail System olive paved","Thorn Creek Trail System","olive","paved",0.240,"{647}","Thorn Creek Trail System-olive-paved","","{""Thorn Creek Trail System""}"
"FPDCC","FPDCC","Thorn Creek Trail System yellow paved","Thorn Creek Trail System","yellow","paved",0.099,"{985,646,1765,1766}","Thorn Creek Trail System-yellow-paved","","{""Thorn Creek Trail System""}"
"FPDCC","FPDCC","Thorn Creek Trail System blue paved","Thorn Creek Trail System","blue","paved",0.028,"{43,42,66}","Thorn Creek Trail System-blue-paved","","{""Thorn Creek Trail System""}"
"FPDCC","FPDCC","Thorn Creek Trail System black paved","Thorn Creek Trail System","black","paved",3.451,"{2545,1992,1985,1991,1981,1984,1982,1995,2546,1986,1989,1994,1990,1987,1983,1993,1988,1996}","Thorn Creek Trail System-black-paved","","{""Thorn Creek Trail System""}"
"FPDCC","FPDCC","Tinley Creek Trail System black unpaved","Tinley Creek Trail System","black","unpaved",0.087,"{2211,2215}","Tinley Creek Trail System-black-unpaved","","{""Tinley Creek Trail System""}"
"FPDCC","FPDCC","Tinley Creek Trail System blue unpaved","Tinley Creek Trail System","blue","unpaved",0.144,"{633}","Tinley Creek Trail System-blue-unpaved","","{""Tinley Creek Trail System""}"
"FPDCC","FPDCC","Tinley Creek Trail System black paved","Tinley Creek Trail System","black","paved",1.238,"{2373,2528,2663,2377,2699,871,2374,2378,284,942,941}","Tinley Creek Trail System-black-paved","","{""Tinley Creek Trail System""}"
"FPDCC","FPDCC","Tinley Creek Trail System purple paved","Tinley Creek Trail System","purple","paved",3.061,"{2397,623,703,869,624,870,868,705,2396}","Tinley Creek Trail System-purple-paved","","{""Tinley Creek Trail System""}"
"FPDCC","FPDCC","Tinley Creek Trail System brown unpaved","Tinley Creek Trail System","brown","unpaved",0.807,"{632,629,630}","Tinley Creek Trail System-brown-unpaved","","{""Tinley Creek Trail System""}"
"FPDCC","FPDCC","Tinley Creek Trail System yellow unpaved","Tinley Creek Trail System","yellow","unpaved",1.760,"{2213,617,1129,2214,622,2217,2216,635,1128,2666,631,2260,2261,2667,151}","Tinley Creek Trail System-yellow-unpaved","","{""Tinley Creek Trail System""}"
"FPDCC","FPDCC","Tinley Creek Trail System blue paved","Tinley Creek Trail System","blue","paved",2.944,"{2256,618,90,653,657,626,616,654,2390,2391,2392,2253,2254,2255,2219,2395,2394,625,2393,655,656,2262,2218}","Tinley Creek Trail System-blue-paved","","{""Tinley Creek Trail System""}"
"FPDCC","FPDCC","Tinley Creek Trail System orange paved","Tinley Creek Trail System","orange","paved",0.686,"{303,2697,168,167}","Tinley Creek Trail System-orange-paved","","{""Tinley Creek Trail System""}"
"FPDCC","FPDCC","Tinley Creek Trail System green paved","Tinley Creek Trail System","green","paved",2.197,"{306,619,2407,304,2438,2406,2436,2405,305,2399,2398,2437,2408}","Tinley Creek Trail System-green-paved","","{""Tinley Creek Trail System""}"
"FPDCC","FPDCC","Tinley Creek Trail System yellow paved","Tinley Creek Trail System","yellow","paved",0.884,"{208,704}","Tinley Creek Trail System-yellow-paved","","{""Tinley Creek Trail System""}"
"FPDCC","FPDCC","Tinley Creek Trail System orange unpaved","Tinley Creek Trail System","orange","unpaved",0.332,"{2221,2220,636}","Tinley Creek Trail System-orange-unpaved","","{""Tinley Creek Trail System""}"
"FPDCC","FPDCC","Tinley Creek Trail System red paved","Tinley Creek Trail System","red","paved",9.436,"{2359,2363,2661,2354,2371,2467,2520,2370,2361,2440,2441,2442,93,2356,2451,2430,137,2452,2360,2367,169,2457,2362,209,283,92,91,89,2698,2521,2364,2358,2468,2368,2455,2353,136,282,2429,285}","Tinley Creek Trail System-red-paved","","{""Tinley Creek Trail System""}"
"FPDCC","FPDCC","Tinley Creek Trail System olive paved","Tinley Creek Trail System","olive","paved",0.238,"{139,138,140}","Tinley Creek Trail System-olive-paved","","{""Tinley Creek Trail System""}"
"FPDCC","FPDCC","Volmer Road Grove Loop olive paved","Volmer Road Grove Loop","olive","paved",0.103,"{696}","Volmer Road Grove Loop-olive-paved","","{""Volmer Road Grove Loop""}"
"FPDCC","FPDCC","Volmer Road Grove Loop red paved","Volmer Road Grove Loop","red","paved",0.070,"{697}","Volmer Road Grove Loop-red-paved","","{""Volmer Road Grove Loop""}"
"FPDCC","FPDCC","Volmer Road Grove Loop yellow paved","Volmer Road Grove Loop","yellow","paved",0.067,"{526}","Volmer Road Grove Loop-yellow-paved","","{""Volmer Road Grove Loop""}"
"FPDCC","FPDCC","Volmer Road Grove Loop black paved","Volmer Road Grove Loop","black","paved",3.601,"{2212,695,528,529,698}","Volmer Road Grove Loop-black-paved","","{""Volmer Road Grove Loop""}"
"FPDCC","FPDCC","Volmer Road Grove Loop orange paved","Volmer Road Grove Loop","orange","paved",0.057,"{527}","Volmer Road Grove Loop-orange-paved","","{""Volmer Road Grove Loop""}"
